Rank,Crate Name,GitHub URL,Category,Problem Solved,Aaroneous Impact,Integration Complexity,Maturity,Dev Days to Implement,Work Eliminated (Weeks),Bug Reduction,Phase,Priority
1,Strum,https://github.com/Peternator7/strum,Enums/Serialization,Manual ToString/FromStr for enums is verbose & error-prone,"Enum macros for AgentType, ThrottleState, RelicType; eliminates string parsing bugs in NATS deserialization",1,Stable,1,0.5,85%,Phase 1,CRITICAL
2,Tracing + Tracing-Subscriber,https://github.com/tokio-rs/tracing,Observability,No structured logging or distributed tracing,"Replace log crate; enable federation debugging; distributed spans across NATS; saves 2+ weeks on monitoring dashboards",2,Stable,2-3,2,40%,Phase 1,CRITICAL
3,Sqlx with Offline Mode,https://github.com/launchbadge/sqlx,Persistence,rusqlite lacks pooling & query validation,"Replace rusqlite; compile-time SQL validation; connection pooling; type-safe queries; eliminate deserialization bugs",3,Stable,3-4,1.5,70%,Phase 2,CRITICAL
4,Tokio-util + Tokio-stream,https://github.com/tokio-rs/tokio,Async Patterns,Complex async coordination with raw channels,"PollSender for backpressure; StreamExt for NATS streams; eliminate deadlock bugs; reduce custom polling code",2,Stable,2-3,1,80%,Phase 2,HIGH
5,Parking_lot,https://github.com/Amanieu/parking_lot,Concurrency,std RwLock has high contention,"Drop-in RwLock replacement; 20-30% faster; no poisoning; specialist cycles won't block each other",1,Stable,1,0.5,15-20% latency,Phase 1,MEDIUM
6,Opentelemetry,https://github.com/open-telemetry/opentelemetry-rust,Federation Observability,NATS federation has no distributed tracing,"Export traces to Jaeger; trace skill_fusion across specialist boundaries; federation message tracking",3,Stable,3-4,2,50%,Phase 3,HIGH
7,Prometheus Client,https://github.com/prometheus/client_rust,Metrics,"SystemHealthReport is in-memory; no metrics pipeline","Export specialist metrics to Prometheus; Grafana dashboards; federation health monitoring at scale",2,Stable,1-2,1,25%,Phase 3,MEDIUM
8,NATS JetStream Upgrade,https://github.com/nats-io/nats.rs,Federation,"Basic NATS usage; no guaranteed delivery or stream semantics","JetStream consumers for durability; consumer groups for load-balanced handling; federation resilience",2,Stable,2-3,1.5,35%,Phase 3,HIGH
9,Proptest,https://github.com/AltSysrq/proptest,Testing,No property-based testing; edge cases in algorithms,"1000s of random configs; fuzz specialist cycles; validate state machine invariants; catch edge cases",2,Stable,2-3,1,60-70%,Phase 4,MEDIUM
10,Criterion,https://github.com/bheisler/criterion.rs,Performance Testing,No performance baselines or regression testing,"Benchmark specialist cycles; federation latency tracking; regression testing before deployment",2,Stable,1-2,0.5,Performance regression prevention,Phase 4,LOW
11,Validator,https://github.com/Keats/validator,Validation,Agent/config parameters lack validation rules,"Declarative validation on structs; CognitiveBias ranges; specialist intervals; prevent invalid configs",2,Stable,1-2,0.5,95%,Phase 1,HIGH
12,Statemachine-rs,https://github.com/Binlogo/statemachine-rs,State Machines,ThrottleState transitions are implicit,"Explicit state machine declarations; prevent invalid transitions; automatic visualization; eliminate state bugs",3,Experimental,2-3,1,85%,Phase 4,MEDIUM
13,Futures-util,https://github.com/rust-lang/futures-rs,Async Utilities,"Managing multiple NATS subscriptions + specialist cycles is complex","select! for multi-stream polling; StreamExt for composable iterators; reduce custom async boilerplate",2,Stable,2,0.5,20%,Phase 2,MEDIUM
14,Deadpool,https://github.com/bikeshed/deadpool,Connection Pooling,NATS/SQLite pooling needs custom code,"Generic connection pooling for NATS + SQLite + future protocols; reduce connection exhaustion bugs",2,Stable,1-2,1,40%,Phase 2,MEDIUM
15,Sea-ORM,https://github.com/SeaQL/sea-orm,ORM,"If agent hierarchies become complex, sqlx is verbose","Declarative relationships; automatic migrations; zero boilerplate for schema evolution",3,Stable,3-4,1,30%,Phase 4,LOW
16,Event Sourcing (Design Pattern),N/A,Event Architecture,No audit trail of state changes,"Store immutable events; replay state at any point; federation partners can replay history; compliance-ready",4,Experimental,N/A (design now),2,70%,Phase 4,LOW
17,JSON Schema Validation,https://github.com/serde-rs/json + jsonschema,Validation,HOX maps have no schema validation,"Validate registry/*.json at load; catch config errors before cascade; prevent silent failures",2,Stable,1-2,0.5,90%,Phase 1,MEDIUM
18,Temporal Time-Series,https://github.com/mitsuhiko/temporal,Time-Series State,"State has no time-indexed history; debugging multi-point-in-time analysis is hard","Query system state at T-5min; analyze throttle transitions over time; federation debugging",2,Experimental,2-3,1,Optional,Phase 4,LOW
